"","gendered_words"
"1","(Be-)Nutzungsordnung"
"2","Herzensmensch"
"3","Bekanntschaft"
"4","Lieblingsmensch"
"5","(Er-)Schaffende"
"6","Fachpraxis"
"7","Kunstname"
"8","Datenspuren"
"9","Stadtteilbüro"
"10","Stadtbüro"
"11","Nachbarschaftbüro"
"12","Gemeindebüro"
"13","Kommunalbüro"
"14","Berühmtheit"
"15","Ikone"
"16","Helfende"
"17","Freiwillige"
"18","Unterstützende"
"19","Erde"
"20","Schöpfung"
"21","Naturreich"
"22","Krebskranke"
"23","Zweier-Zelt"
"24","Angehörige"
"25","Fachleute"
"26","Sachverständige"
"27","Hauptperson"
"28","Hauptfigur"
"29","Schlüsselfigur"
"30","Titelrolle"
"31","1:1-Verteidigung"
"32","1:1-Deckung"
"33","Abbruchquote"
"34","Abgeordnete"
"35","Abkömmling"
"36","Kind"
"37","Kindeskinder"
"38","Enkelkinder"
"39","Ablesedienst"
"40","Abnehmende"
"41","Abonnement-Beziehende"
"42","Abonnierende"
"43","Followers"
"44","Follis"
"45","Zeitungsabonnent"
"46","Abschlussvorsprechen"
"47","Kindeskind"
"48","Abteil"
"49","Personenbeförderungsräume"
"50","Abteilungsleitung"
"51","Abteilungsleitungen"
"52","Abteilungsleitende"
"53","Account"
"54","Konto"
"55","Zugang"
"56","Profil"
"57","Act"
"58","Adelstitel"
"59","Administration"
"60","Admin"
"61","Admins"
"62","Administrierende"
"63","Afrikameisterschaft"
"64","Ahne"
"65","Vorfahr"
"66","Akquise"
"67","Aktive"
"68","Alkoholsüchtige"
"69","Anwohnende"
"70","Nachbarschaft"
"71","Alltagshilfe"
"72","Allwissende"
"73","Allmächtige"
"74","Ewige"
"75","Gottheiten"
"76","Älterenbeirat"
"77","Ruhestandsbeirat"
"78","Altgediente"
"79","Jecken"
"80","Ampel"
"81","Personenampel"
"82","Ampelfiguren"
"83","Ampelfigürchen"
"84","Amt"
"85","Gemeindeamt"
"86","Verwaltung"
"87","Schüler"
"88","Analysierende"
"89","Finanzintermediierende"
"90","Mitlernende"
"91","Anfangende"
"92","Beginnende"
"93","Ungeübte"
"94","Herstellung"
"95","Anbietende"
"96","Angebotsausrufende"
"97","Polizeifachkraft"
"98","Buschvolk"
"99","Angelnde"
"100","Angelmensch"
"101","Angreifende"
"102","Animierende"
"103","Anlegende"
"104","Anleitung"
"105","Anliegende"
"106","Anmeldename"
"107","Nickname"
"108","Pseudonym"
"109","Login-Name"
"110","Login"
"111","Anrufende"
"112","Ansässige"
"113","Siedelnde"
"114","Ansprechperson"
"115","Kontaktperson"
"116","Hotline"
"117","Hilfeteam"
"118","Service"
"119","Servicepersonal"
"120","Anspruchsgruppe"
"121","Interessenvertretung"
"122","Spitzendisziplin"
"123","Anteilsinhabende"
"124","Anwendende"
"125","Nutzende"
"126","Personen(-gruppen)"
"127","Anwendungsfehler"
"128","Arbeitgebende"
"129","Betriebe"
"130","Unternehmen"
"131","Arbeitnehmendenvertretung"
"132","Betriebsrat"
"133","Personalrat"
"134","Beschäftigtenvertretung"
"135","Arbeitsdirektion"
"136","Arbeitskraft"
"137","Humanpower"
"138","Teammitglied"
"139","Arbeitsplatzattraktivität"
"140","Arbeitstage"
"141","Leistungstage"
"142","Personentage"
"143","Teamraum"
"144","Kollegiumszimmer"
"145","Architekturschaffende"
"146","Archivierende"
"147","Behandlung"
"148","Pflege"
"149","Asienmeisterschaft"
"150","Assistenz"
"151","Asylsuchende"
"152","Aufklärung"
"153","Aufklärungsgespräch"
"154","Aufsichtsperson"
"155","Kinderbetreuung"
"156","Auftrag"
"157","Auftraggebende"
"158","Auftragnehmende"
"159","Aupair"
"160","Ausbildende"
"161","Lehrende"
"162","Lehrkraft"
"163","Ausnahmeerscheinung"
"164","Austauschperson"
"165","Auswandernde"
"166","Ausgewanderte"
"167","Auszubildende"
"168","Beruflernende"
"169","Lernende"
"170","Autofahrende"
"171","Automobilkonzerne"
"172","Autoherstellende"
"173","Autobauende"
"174","Autorenschaft"
"175","Urheberrechtsinhabende"
"176","Verfassende"
"177","Schreibende"
"178","Literaturschaffende"
"179","Babtiste"
"180","Babysittende"
"181","Backende"
"182","Bäckerei"
"183","Badeaufsicht"
"184","Bankausraubende"
"185","Bankkaufperson"
"186","Bar-Servicekraft"
"187","Bauleute"
"188","Baumpflege"
"189","Bautragende"
"190","Bauverantwortliche"
"191","Bauwerkfachpersonal"
"192","Bauwerkfachkraft"
"193","Bedienoberfläche"
"194","Benutzungsoberfläche"
"195","Bedienstete"
"196","Beamtenschaft"
"197","Befragte"
"198","Zustimmung"
"199","Begeisterte"
"200","Begleitprogramm"
"201","Begleitung"
"202","Beratung"
"203","Behandlungstasche"
"204","Behandlungstermin"
"205","Vorsorgetermin"
"206","Behandlungszimmer"
"207","Konsultationszimmer"
"208","Sprechzimmer"
"209","Beisitzende"
"210","Bekannte"
"211","Bezugspersonen"
"212","Belobigung"
"213","Ehrung"
"214","Benutzungsportal"
"215","Benutzungsrechte"
"216","Beobachtende"
"217","Beobachtendengruppe"
"218","Beratende"
"219","Rauchbereich"
"220","Bergbegeisterte"
"221","Bergsteigende"
"222","Bergkletternde"
"223","Berichtende"
"224","Fleischeireifachkraft"
"225","Fachpackende"
"226","Berufsunerfahrene"
"227","Berufseinsteigende"
"228","Müllabfuhr"
"229","Beschäftigte"
"230","Arbeitskräfte"
"231","Belegschaft"
"232","Personal"
"233","Erwerbstätige"
"234","Beschwerdeführende"
"235","Kundschaft"
"236","Bestenehrung"
"237","Bestenauszeichnung"
"238","Besuch"
"239","Besuchsperson"
"240","Besuchsanschrift"
"241","Besuchsgruppe"
"242","Besuchsparkplatz"
"243","Besuchszahl"
"244","Frequentierung"
"245","Klickzahl"
"246","Interesse"
"247","Inanspruchnahme"
"248","Gästezahlen"
"249","Besuchszahlen"
"250","Klickzahlen"
"251","Beteiligte"
"252","Agierende"
"253","Handelnde"
"254","Betrachtende"
"255","Betreibende"
"256","Betreuung"
"257","Betreuungsperson"
"258","Betreuungspersonal"
"259","Betriebsgesellschaft"
"260","Gesellschaftende"
"261","Betrieb"
"262","Handelswissenschaftsfachkraft"
"263","Opfer"
"264","Betroffenencharakteristik"
"265","Erkranktencharakteristik"
"266","Betroffenenkontakt"
"267","Bevölkerung"
"268","Einwohnerschaft"
"269","(Kommunal-)Wahlberechtigte"
"270","Staatsangehörige"
"271","Einheimische"
"272","Stimmberechtigte"
"273","Bürgerschaft"
"274","Bürgertum"
"275","Bevölkerungsdichte"
"276","Bevölkerungszahl"
"277","Gebietsüberwachung"
"278","Bewerbende"
"279","Bewerbungszahlen"
"280","Bewertungen"
"281","Bewertungssterne"
"282","Sterne-Bewertungen"
"283","Bewohnendenzimmer"
"284","Zimmer"
"285","Bezeugende"
"286","Beziehende"
"287","Beziehung"
"288","Kooperation"
"289","Zusammenarbeit"
"290","Tandem"
"291","Bezugsperson"
"292","Bildungstragende"
"293","Biografietragende"
"294","Biologie-Lehrende"
"295","Blumenkind"
"296","Brautpaar"
"297","Briefzustellung"
"298","Postzustellung"
"299","Bundespräsidentschaftswahl"
"300","BP-Wahl"
"301","Bundestagsvorsitz"
"302","Mitmensch"
"303","Stadtoberhaupt"
"304","Gemeindeoberhaupt"
"305","Busführung"
"306","Busfahrpersonal"
"307","Buspersonal"
"308","Callcenteroperierende"
"309","Zeltplatzmensch"
"310","Case-Management"
"311","Case-Managende"
"312","Chatpartnerschaft"
"313","Leitungsperson"
"314","Leitung"
"315","Oberhaupt"
"316","Chinaexperten"
"317","Chirurgiestahl"
"318","Chorleitende"
"319","Chorleitungen"
"320","Chorleitung"
"321","Cockpit"
"322","Cockpitsitz"
"323","Community"
"324","Netzwerk"
"325","Computerfachkraft"
"326","Cyber-Erpressung"
"327","Demokratiebegeisterte"
"328","Demokratieüberzeugte"
"329","Demonstrierende"
"330","Designschaffende"
"331","Dezernatsleitung"
"332","Diamantrahmenfahrrad"
"333","Ehemensch"
"334","Eheherzperson"
"335","Herzmensch"
"336","Publikum"
"337","Population"
"338","Trauungsbegleitung"
"339","Vormundschaft"
"340","Dienstaufsichtsperson"
"341","Dienstbehörde"
"342","Dienstbesprechung"
"343","Qualifikationsgespräch"
"344","Arbeitsgespräch"
"345","Beurteilungsgespräch"
"346","Jahresgespräch"
"347","Beschäftigtengespräch"
"348","Personalgespräch"
"349","Mitarbeitendengespräch"
"350","Dienstleistende"
"351","Dienstleistungsunternehmen"
"352","Dienstzimmer"
"353","Stationszimmer"
"354","Pflegestützpunkt"
"355","Diplom-Handelslehrende"
"356","Öffentlickeitsbeteiligung"
"357","Direktoriumsleitung"
"358","Disposition"
"359","Dönerimbiss"
"360","Dönerverkauf"
"361","Kebapverkauf"
"362","Dönerfachgeschäft"
"363","Dönerbude"
"364","Double"
"365","Ebenbild"
"366","Doppelperson"
"367","Dozierende"
"368","Lehrpersonal"
"369","Drittanbietende"
"370","Durchschnittsmensch"
"371","Eheleute"
"372","Ehemalige"
"373","Ehepartnerschaft"
"374","Ehrenamtliche"
"375","Ehrenperson"
"376","Besitzende"
"377","Langfinger"
"378","Ein-Eltern-Haushalt"
"379","Ein-Eltern-Familie"
"380","Ein-Personen-Betrieb"
"381","Geschäftsperson"
"382","Ausstellungsbesucherschaft"
"383","Filialleitung"
"384","Prof."
"385","Staranwaltschaft"
"386","Trauzeugen"
"387","Legionsangehörige"
"388","Alltagsessen"
"389","Einflussnehmende"
"390","Eingabe"
"391","Eingeladene"
"392","Geladene"
"393","Eingeweihte"
"394","Einladende"
"395","Organisation"
"396","Ausrichtung"
"397","Feuerwehrangehörige"
"398","Feuerwehr"
"399","Feuerwehrleute"
"400","Feuerbekämpfende"
"401","Einschaltquote"
"402","Einstiegskurs"
"403","Grundkurs"
"404","Grundlagenkurs"
"405","Basiskurs"
"406","Epheserbrief"
"407","Einzelkämpfende"
"408","Kriegsteilnehmende"
"409","Elektrofachkraft"
"410","Elsässische"
"411","Elternberatung"
"412","Elternmilch"
"413","Elternteil"
"414","Eltern"
"415","Empfang"
"416","Rezeption"
"417","Endverbrauchende"
"418","Endkonsumierende"
"419","Energieversorgungsunternehmen"
"420","Enkelkind"
"421","Forschende"
"422","Entdeckende"
"423","Entfernungspauschale"
"424","Pendelpauschale"
"425","Entlassungsbrief"
"426","Entlassbericht"
"427","Entlastungsbezeugungsperson"
"428","Entscheidungtragende"
"429","Entwicklungsteam"
"430","Entwickelnde"
"431","Erfindende"
"432","Ideenfindende"
"433","Erbberechtigte"
"434","Anordnende"
"435","Ermittelnde"
"436","Ermittlungsteam"
"437","Ersatz"
"438","Vertretung"
"439","Stellvertretung"
"440","Ersthelfende"
"441","Erstsprache"
"442","Hauptsprache"
"443","Elternsprache"
"444","Familiensprache"
"445","Erzählende"
"446","Erzählinstanz"
"447","EU-Kommissionsmitglied"
"448","Evakuierungshilfe"
"449","Expertise"
"450","Expertiseinterview"
"451","Facharbeitende"
"452","Fachberatung"
"453","Fachforschende"
"454","Fachgröße"
"455","Autorität"
"456","Koryphäe"
"457","Genie"
"458","Fachgruppe"
"459","Arbeitsgruppe"
"460","Fachkommission"
"461","Fachkraft"
"462","Fachkräfte"
"463","Fachpersonen"
"464","Fachkundige"
"465","Datenschutzverantwortlichkeit"
"466","Fachstandard"
"467","Fachtagung"
"468","Fachunkundige"
"469","Fachfremde"
"470","Nichtkundige"
"471","Fachvortrag"
"472","Fachwissen"
"473","Fahrdienst"
"474","Fahrerlaubnis"
"475","Fahrberechtigung"
"476","Fahrkabine"
"477","Steuerungskabine"
"478","Fahrlernende"
"479","Fahrschullehrkraft"
"480","Geisterfahrzeug"
"481","Fahrzeugführung"
"482","Fahrzeugführende"
"483","Fahrende"
"484","Familienbegleitung"
"485","Familienhilfe"
"486","Familienmitglied"
"487","Familienvorstand"
"488","Hausvorstand"
"489","Fans"
"490","Gleichgesinnte"
"491","Sympathisierende"
"492","Mitwirkende"
"493","Befürwortende"
"494","Fasnachtbegeisterte"
"495","Liebling"
"496","Angsthase"
"497","Feindbild"
"498","Zielscheibe"
"499","(Sündenbock)"
"500","Befeindete"
"501","Feinmechaniker**innen"
"502","Fernsehmedienperson"
"503","Figur"
"504","Figürchen"
"505","Spielfigur"
"506","Filmgröße"
"507","Filmberühmtheit"
"508","Filmschaffende"
"509","Finanzvorstand"
"510","Kassenführung"
"511","Kassenverwaltung"
"512","Firmenausweis"
"513","Mitarbeitendenausweis"
"514","MA-Ausweis"
"515","Arbeitsausweis"
"516","Dienstausweis"
"517","Firmenvorteile"
"518","Unternehmensvorteile"
"519","Flanierzone"
"520","Einkaufsstraße"
"521","Einkaufszone"
"522","Fluggast"
"523","FÖJ-Freiwillige"
"524","Follows"
"525","Universitätsmitglieder"
"526","Forschungsteam"
"527","Forschungsgemeinde"
"528","Forschungskolloquium"
"529","Forstaufsicht"
"530","Fotografierende"
"531","Aufnehmende"
"532","Fototeam"
"533","Fotografieteam"
"534","Freischaffende"
"535","Selbstständige"
"536","Freizeitbetreuungsperson"
"537","Diebsgesindel"
"538","Friedensbewegte"
"539","Frisierende"
"540","Frisiersalon"
"541","Frühbuchungsrabatt"
"542","FSJ-Freiwillige"
"543","Führungsfigur"
"544","Führung"
"545","Führungskraft"
"546","Führungsrolle"
"547","Gruppenfunktion"
"548","Fußballspielende"
"549","Galeerensklaverei"
"550","Gartenarbeitskraft"
"551","Gartenbaubetrieb"
"552","Besuche"
"553","Besuchende"
"554","Gäste"
"555","Gastforschende"
"556","Gastlichkeit"
"557","Gastronomiebetriebsleitung"
"558","Gaststudierendenstatus"
"559","Gasthörstatus"
"560","Gaststudium"
"561","Hospitation"
"562","Gaukelspielende"
"563","Gebäudemanagement"
"564","Gebende"
"565","Sponsoring"
"566","Spenden"
"567","Gebietsaufsicht"
"568","Blockaufsicht"
"569","Gebühren"
"570","Vermittlungsgebühren"
"571","Geburtsname"
"572","Geflüchtete"
"573","Flüchtende"
"574","Gefolgschaft"
"575","Gegenkandidatur"
"576","Gegenüber"
"577","Gegenseite"
"578","Konkurrenz"
"579","Counterpart"
"580","Geheimratschaft"
"581","Gehweg"
"582","Fußweg"
"583","Geldgebende"
"584","Gelehrte"
"585","Gemeindehaus"
"586","Stadthaus"
"587","Kulturzentrum"
"588","Stadtteilzentrum"
"589","Gemüsehandelnde"
"590","Genussmensch"
"591","Geräteaufsicht"
"592","Gerichtsvollzugsperson"
"593","Geringqualifizierte"
"594","Geschäftsführung"
"595","Geschäftsleitung"
"596","Geschäftsleute"
"597","Geschichtsforschende"
"598","Geschwisterkind"
"599","Geschwister"
"600","Geschwisterkinder"
"601","Gesprächsbeteiligte"
"602","Gestaltende"
"603","Powermensch"
"604","Unternehmensleitung"
"605","Gleichaltrige"
"606","Gleichnamige"
"607","Grafikprofi"
"608","Grafikfachperson"
"609","Grenzpendelnde"
"610","Grinsebacke"
"611","Grinsegesicht"
"612","Grinsekuchen"
"613","Sonnenschein"
"614","Großeltern"
"615","Großelternteil"
"616","Großherzogtum"
"617","Gründerperson"
"618","Grundschulkind"
"619","Lehrperson"
"620","Gründungszeit"
"621","Gründungszentrum"
"622","Innovationszentrum"
"623","Technologiezentrum"
"624","Gruppenexperiment"
"625","Klassenexperiment"
"626","Einzelexperiment"
"627","Gruppenleitende"
"628","Gruppenleitung"
"629","Blindenguide"
"630","Mobilitätshilfe"
"631","Gutshaus"
"632","Gymnastik-Lehrende"
"633","Gynäkologiespezialisierte"
"634","Haarschneidetermin"
"635","Frisiertermin"
"636","Hackingangriff"
"637","Hackangriff"
"638","Halbgottheit"
"639","Handbuch"
"640","Nutzungshandbuch"
"641","Handelsallianz"
"642","Handelskontakt"
"643","Handelspartei"
"644","Handwerksbetriebe"
"645","Handwerksleute"
"646","Handwerkende"
"647","Hauptbelastungsperson"
"648","Hauptfachgruppe"
"649","Hauptleute"
"650","Hauptmietpartei"
"651","Hauptmietperson"
"652","Hauptmietvertragsperson"
"653","Hauptpersonen"
"654","Hauptfiguren"
"655","Schlüsselfiguren"
"656","Titelrollen"
"657","Nebenhaus"
"658","Hauspraxis"
"659","Hausgemeinschaft"
"660","Haushaltsvorstand"
"661","Hausservice"
"662","Hauswartung"
"663","Heimatland"
"664","Geburtsland"
"665","Erstland"
"666","Heinzelchen"
"667","Heiratsperson"
"668","Herstellfirma"
"669","Hilfesystem"
"670","Hilfskraft"
"671","Hochsee-Fachkraft"
"672","Hochzeitspaar"
"673","Hospitierende"
"674","Ich-Form"
"675","Ich-Figur"
"676","Illustrierende"
"677","Austauschschulkind"
"678","Waldbesitzende"
"679","Medienschaffende"
"680","Presse"
"681","Kinderaufsichtsperson"
"682","Immobilienbesitzende"
"683","Immobilienfachkraft"
"684","Ortsansässige"
"685","Bewohnende"
"686","Bewohnerschaft"
"687","Barpersonal"
"688","Vollmachtsperson"
"689","Parteifreunde"
"690","Kooperationsbeteiligte"
"691","Rezeptionsfachkraft"
"692","Einzelfallentscheidung"
"693","Industriekaufleute"
"694","Information"
"695","Informationsquelle"
"696","Quelle"
"697","Ingenieursberuf"
"698","Inhabende"
"699","Initiierende"
"700","Inlineskatende"
"701","Intendanz"
"702","Interagierende"
"703","Interaktionsschnittstelle"
"704","Interessensvertretung"
"705","Interessierte"
"706","Interessenten"
"707","Interviewende"
"708","Interviewte"
"709","Investierende"
"710","Finanzierende"
"711","Islamglaubende"
"712","Jägerschaft"
"713","Teenie"
"714","Teen"
"715","Teenager"
"716","Juniorfirma"
"717","Jurymitglied"
"718","K-Frage"
"719","Kameraperson"
"720","Kamera"
"721","Kamerateam"
"722","Kameraleute"
"723","Kamerapersonen"
"724","Kampfjury"
"725","Schiedsgericht"
"726","Kandidierende"
"727","Regierungsoberhaupt"
"728","Finanzverwaltung"
"729","Vermögensverwaltung"
"730","Kassenarbeitskraft"
"731","Katzenliebhabende"
"732","Katzentier"
"733","Kaufende"
"734","Kauffachkraft"
"735","Kaufhauspersonal"
"736","Verkaufskraft"
"737","Verkaufsperson"
"738","Geschäft"
"739","Verkaufskräfte"
"740","Handeltreibende"
"741","Verkaufende"
"742","Kaufleute"
"743","Kennnummer"
"744","Verwaltungsnummer"
"745","Keramikfachkraft"
"746","Kernwahlvolk"
"747","Kernstimmvolk"
"748","KfZ-Handwerks-Innung"
"749","KfZ-Innung"
"750","KfZ-Mechanik-Innung"
"751","KfZ-Mechanik-Fachkraft"
"752","Kindertagespflegeperson"
"753","Klassenvertretung"
"754","Kletternde"
"755","Kletterbegeisterte"
"756","Klientel"
"757","Ratsuchende"
"758","Klientelkontakt"
"759","Klimaschützende"
"760","Endzwanzigerperson"
"761","Kollegiumskonferenz"
"762","Konferenz"
"763","Kollegschaft"
"764","Kollegium"
"765","Teammitglieder"
"766","Team"
"767","Kolonialmacht"
"768","Suzerän"
"769","Kolonialmächte"
"770","Koloniegründung"
"771","Kolonieerschließung"
"772","Kolosserbrief"
"773","Komiteegründung"
"774","Kommentare"
"775","Kommentar"
"776","Kommunikationsmodell"
"777","Kompetenztragende"
"778","Konfirmationsunterricht"
"779","Herrschende"
"780","Gegenpart"
"781","Wettbewerbsteilnehmende"
"782","Konsortialbeteiligte"
"783","Konstruierende"
"784","Erschaffende"
"785","Konsumierende"
"786","Kontoverwaltung"
"787","Zugangsverwaltung"
"788","Kooperationsländer"
"789","Koordination"
"790","Koordinationslabor"
"791","Koordinierungslabor"
"792","Körperspende"
"793","Korrigierende"
"794","Kosovoalbanische"
"795","Kraftfahrzeugführende"
"796","Gesundungszimmer"
"797","Heilungszimmer"
"798","Kreditnehmende"
"799","Kriegsgottheit"
"800","Kriminelle"
"801","Kritisierende"
"802","Kritische"
"803","Küchenhilfe"
"804","Mensch"
"805","Person"
"806","Client"
"807","Menschen"
"808","Personen"
"809","Nachfrage"
"810","Zielgruppe"
"811","Kaufinteressierte"
"812","Interessiete"
"813","Kreis"
"814","Betroffene"
"815","Privatpersonen"
"816","Verbrauchende"
"817","Kundschaftsprojekt"
"818","Kunstbegeisterte"
"819","Kunstkennende"
"820","Kunstsammelnde"
"821","Kunstschaffende"
"822","Kunstsiedlung"
"823","Kuratierende"
"824","Kurden"
"825","Kursbetreuung"
"826","Kursleitung"
"827","Kursteilnehmende"
"828","Kurs"
"829","Kurzarbeitsgeld"
"830","Laborfachkraft"
"831","Lagerfachkraft"
"832","Landgrafschaft"
"833","Landkreisleitung"
"834","Kreisverwaltungsleitung"
"835","Landratsamtsleitung"
"836","Dienststellenleitung"
"837","Amtsvorstand"
"838","Landsleute"
"839","Mitmenschen"
"840","Lebensabschnittsperson"
"841","Lebenspartnerschaft"
"842","Lebensmenschsuche"
"843","Verbündetensuche"
"844","Seelenverwandtensuche"
"845","Legislative"
"846","Gesetzgebende"
"847","Lehrberuf"
"848","Seminarleitung"
"849","Lehrkräfte"
"850","Lehrpersonen"
"851","Unterrichtende"
"852","Lehrtätigkeit"
"853","Leiharbeitnehmende"
"854","Leistungsempfangende"
"855","Küchenpersonal"
"856","Kochprofi"
"857","Institutsleitung"
"858","Dekanat"
"859","Lektoratsstelle"
"860","Leseausweis"
"861","Bibliotheksausweis"
"862","Leserschaft"
"863","Lesepublikum"
"864","Lesende"
"865","Liebesmensch"
"866","Lebensmensch"
"867","Liederschaffende"
"868","Lieferfirma"
"869","Lieferunternehmen"
"870","Ausstellendenliste"
"871","Literaturkritisierende"
"872","Lizenznehmende"
"873","Lohnabhängige"
"874","Werktätige"
"875","Arbeitende"
"876","Lüftungsfachkraft"
"877","Maklerei"
"878","Management"
"879","Unternehmensführung"
"880","Mandantschaft"
"881","Lesendengeschäft"
"882","Marktführerschaft"
"883","Mathematik-Lehrende"
"884","Mediation"
"885","Mediationsperson"
"886","Medienexpertenperson"
"887","Mediengestaltende"
"888","Medienorganisationen"
"889","Notfallsani"
"890","Meinungsgegenpart"
"891","Polit-Größe"
"892","Politikschaffende"
"893","Allergiegeplagte"
"894","Fußverkehr"
"895","Menschenkontakt"
"896","Kontakt"
"897","Mietperson"
"898","Mietpartei"
"899","Mietverein"
"900","Mietvertretung"
"901","Mini"
"902","Minimarkt"
"903","Minis"
"904","Nutzungsgruppe"
"905","Elternzeitrückkehrende"
"906","Mitarbeitende"
"907","Angestellte"
"908","Tätige"
"909","Betriebs-/Konzern-/Firmen-/Unternehmensangehörige"
"910","Festangestellte"
"911","Arbeitsgemeinschaft"
"912","Crew"
"913","Gruppe"
"914","Servicekräfte"
"915","Mitarbeitendenmonat"
"916","Personenmonat"
"917","Mitarbeitendenrabatt"
"918","Unternehmensrabatt"
"919","Jobrabatt"
"920","Mitfahrende"
"921","Reisende"
"922","Mitfahrgelegenheit"
"923","Individuum"
"924","Einzelperson"
"925","Mitarbeitendenvertretung"
"926","Kampftruppenangehörige"
"927","Mitmenschlichkeit"
"928","Solidarität"
"929","Geschwisterlichkeit"
"930","Mitspielende"
"931","Mitstudierende"
"932","Mittelsperson"
"933","Mittelsmensch"
"934","Support"
"935","Supportende"
"936","Fürsprechende"
"937","Teilnehmende"
"938","Mitarbeitendenmobilität"
"939","Moderation"
"940","Moderationsteam"
"941","Moderierende"
"942","Referierende"
"943","Vortragende"
"944","Mondgottheit"
"945","Montagsmalen"
"946","Montagedienst"
"947","Morgenmensch"
"948","Lerche"
"949","MPK"
"950","MPs"
"951","Landesoberhaupt"
"952","Multitalent"
"953","Universalgenie"
"954","Musikausübende"
"955","Musikschaffende"
"956","Musikspielende"
"957","Musizierende"
"958","Bandmitglieder"
"959","Kompositionstätige"
"960","Nachfolge"
"961","Nachfragende"
"962","Nachkommenschaft"
"963","Nachkommen"
"964","Nachkömmling"
"965","Nachtleute"
"966","Nachtmensch"
"967","Partymensch"
"968","Nachwuchs"
"969","Grünschnabel"
"970","Nachwuchskraft"
"971","Nähende"
"972","Närrische"
"973","Karnefalbegeisterte"
"974","Nationalteam"
"975","Naturgeist"
"976","Fabelwesen"
"977","Naturmensch"
"978","Netzwerkbeteiligte"
"979","Netzwerkmitglieder"
"980","Neuling"
"981","Nummer"
"982","Anwendung"
"983","Mitglieder"
"984","Nutzungsentgelte"
"985","Nutzungsfreundlichkeit"
"986","Benutzungsfreundlichkeit"
"987","Anwendungskomfort"
"988","Anwendungsfreundlichkeit"
"989","Nutzungskonto"
"990","Oberliga"
"991","CIA_Direktor*innen"
"992","Oberstudienratschaft"
"993","Obmensch"
"994","Ombudsperson"
"995","Optikfachgeschäft"
"996","Ordensleute"
"997","Ordensperson"
"998","Organisierende"
"999","Mitarbeitendenorientierung"
"1000","Ozeanienmeisterschaft"
"1001","Erziehungskraft"
"1002","Kita-Fachkraft"
"1003","Paketzustellung"
"1004","Parteivorsitz"
"1005","Koalitionspartnerschaft"
"1006","Passierende"
"1007","Vorbeiziehende"
"1008","Vorübergehende"
"1009","Patenamt"
"1010","Patenschaft"
"1011","Pendelnde"
"1012","Pensionierte"
"1013","Performende"
"1014","Mittelständler"
"1015","Trinkgesellschaft"
"1016","Gesinnungsgenossenschaft"
"1017","Wandersperson"
"1018","Schiffseigentümerschaft"
"1019","Schiffseignerschaft"
"1020","Wachperson"
"1021","Kursadmin"
"1022","Lernendenvertretung"
"1023","Gotteskriegerschaft"
"1024","Personalbeurteilung"
"1025","Angestelltenbeurteilung"
"1026","Personalentwicklung"
"1027","Personalfrage"
"1028","Personalleitung"
"1029","Personalmanagement"
"1030","Personführung"
"1031","Personalpolitik"
"1032","Personalsuche"
"1033","Mitarbeitendensuche"
"1034","Personalverpflegung"
"1035","Personalvertretung"
"1036","Personalvorschlag"
"1037","Bezugsgruppe"
"1038","Eingewanderte"
"1039","Zugewanderte"
"1040","Migrierte"
"1041","Nutzung"
"1042","Hackende"
"1043","Leute"
"1044","Personenstunde"
"1045","Pfadis"
"1046","Pfadfindende"
"1047","Pfarrperson"
"1048","Pflegefachkraft"
"1049","Pflegefachperson"
"1050","Altenpflegeperson"
"1051","Krankenpflegeperson"
"1052","Pflegekraft"
"1053","Pflegekräfte"
"1054","Pflegefachpersonen"
"1055","Pflegepersonal"
"1056","Pflegende"
"1057","Pfortenpersonal"
"1058","Phillumenie"
"1059","Pigmentstörung"
"1060","Leberfleck"
"1061","Pilgernde"
"1062","Point-of-Care"
"1063","Polizei"
"1064","Polizeikräfte"
"1065","Polizeileute"
"1066","Polizeikraft"
"1067","Polsterfachkraft"
"1068","Praktikumsstelle"
"1069","Praktizierende"
"1070","Präsentierende"
"1071","Ausstellende"
"1072","Staatsoberhaupt"
"1073","Präsidentschaftswahl"
"1074","Praxisbeteiligte"
"1075","Praxismitbetreibende"
"1076","Praxisunternehmen"
"1077","Predigende"
"1078","Medienvertretung"
"1079","Medien"
"1080","Pressevertretung"
"1081","Öffentlichkeitsarbeit"
"1082","Pressestelle"
"1083","Produzierende"
"1084","Produktionsteam"
"1085","Professorenschaft"
"1086","Projektbeteiligte"
"1087","Projektmitwirkende"
"1088","Projektentwicklung"
"1089","Projektleitung"
"1090","Projektleitungen"
"1091","Projektleitende"
"1092","Projektträgerschaft"
"1093","Promotion"
"1094","Promotionsbetreuung"
"1095","Promotionskolleg"
"1096","Promovierendenkolleg"
"1097","Promovierende"
"1098","Protestperson"
"1099","Protokollführung"
"1100","Prüfungsleitung"
"1101","Auditorium"
"1102","Zuhörerschaft"
"1103","Zuschauende"
"1104","Publikumsmagnet"
"1105","Besuchsmagnet"
"1106","Tourismusmagnet"
"1107","Anziehungspunkt"
"1108","Sehenswürdigkeit"
"1109","Publikumsorientierung"
"1110","Zielgruppenorientierung"
"1111","Publikumsstrom"
"1112","Publikumszahl"
"1113","Publizierende"
"1114","Punk"
"1115","Querdenken-Demo"
"1116","Querkopf"
"1117","Rabbinat"
"1118","Randständige"
"1119","Fall"
"1120","Rauchpause"
"1121","Zigarettenpause"
"1122","Pause"
"1123","Rechnungsempfangende"
"1124","Rechnungserhaltende"
"1125","Rechnungsprüfung"
"1126","Rechteinhabende"
"1127","Rechtsanwaltschaft"
"1128","Rechtsbeistand"
"1129","Rechtsvertretung"
"1130","Anwaltschaft"
"1131","Oberstaatsanwaltschaft"
"1132","Redaktion"
"1133","Redationsmitglied"
"1134","Redeliste"
"1135","Redepult"
"1136","Referenz"
"1137","Referierendentätigkeit"
"1138","Vortragstätigkeit"
"1139","Reformierende"
"1140","Reformperson"
"1141","Regie"
"1142","Regionalleitung"
"1143","Rehasportinteressierte"
"1144","Reinigungspersonal"
"1145","Reinigungskraft"
"1146","Raumpflege"
"1147","Reiseflugzeug"
"1148","Reiseführung"
"1149","Reiseleitung"
"1150","(Tourguide)"
"1151","Reiseveranstaltung"
"1152","Reisebüro"
"1153","Reiseorganisation"
"1154","Reisekoordination"
"1155","Reiseausrichtung"
"1156","Reiseveranstaltende"
"1157","Religion-Lehrende"
"1158","Remote-Personal"
"1159","Tele-Personal"
"1160","Ressortleitende"
"1161","Ressortleitung"
"1162","Restaurantfachkraft"
"1163","Rettungsassistenz"
"1164","Rettungsfachpersonal"
"1165","Rettungshilfe"
"1166","Rettungskraft"
"1167","Rettungssanitätsdienst"
"1168","Rettungskräfte"
"1169","Sanitätsdienst"
"1170","Rezipierende"
"1171","Richterschaft"
"1172","Rollen"
"1173","Besetzung"
"1174","Darstellende"
"1175","Roma"
"1176","Rüstungsexpertenperson"
"1177","Sachkundige"
"1178","Sachkundigenfunktion"
"1179","Begutachtende"
"1180","Taxierende"
"1181","Einschätzende"
"1182","Schadensachverständige"
"1183","Sammelnde"
"1184","Schaulustige"
"1185","Pantomime"
"1186","Schiffsführende"
"1187","Schlagperson"
"1188","Schlichtende"
"1189","Schlichtungspersonen"
"1190","Hinterleute"
"1191","Verantwortliche"
"1192","Schlüsselperson"
"1193","Vorbild"
"1194","Schneefigur"
"1195","Sandkastenfreundschaft"
"1196","Protokoll"
"1197","Schulaufführungen"
"1198","Projektvorstellung"
"1199","Musikaufführung"
"1200","Theateraufführung"
"1201","Konzert"
"1202","Talentshow"
"1203","Aufführung"
"1204","Schulaustausch"
"1205","Schulausweis"
"1206","Schulbegegnung"
"1207","Klassenbegegnung"
"1208","Schulbegleitung"
"1209","Schulperson"
"1210","Schülerschaftszeitung"
"1211","Schülizeitung"
"1212","Schulfahrtkosten"
"1213","Schulwegkosten"
"1214","Exkurskosten"
"1215","Fahrtkosten"
"1216","Schulkameradschaft"
"1217","Schulkind"
"1218","Klassenmitglied"
"1219","Schulkinder"
"1220","Kinder"
"1221","Jugendliche"
"1222","Beschulte"
"1223","Klassenmitglieder"
"1224","Schülerschaft"
"1225","Schülis"
"1226","Schulkindervertretung"
"1227","Schullabor"
"1228","Schulleitung"
"1229","Schulpraktikum"
"1230","Schulträgerschaft"
"1231","Schulung"
"1232","MA-Schulung"
"1233","Schulungsleitung"
"1234","Schusterwerkstatt"
"1235","Schusterei"
"1236","Schwangere"
"1237","Schwiegerelternteil"
"1238","Schwimmlehrkraft"
"1239","Scout"
"1240","Seeleute"
"1241","Heldentat"
"1242","Seiteneinstiegslehrgang"
"1243","Seiteneinstiegsprogramm"
"1244","Wirtschaftstreibende"
"1245","Sende-Empfang-Problem"
"1246","Sendende"
"1247","Service-Profi"
"1248","Servicefachkraft"
"1249","Servicekraft"
"1250","Bedienung"
"1251","Servicezentrum"
"1252","Sexexpertenperson"
"1253","Sexgottheit"
"1254","Shops"
"1255","Showleitung"
"1256","Showmoderation"
"1257","Sie"
"1258","Softwareerstellende"
"1259","Programmierende"
"1260","Solopart"
"1261","Sonderbeitrag"
"1262","Sonderwunsch"
"1263","Sonnengottheit"
"1264","Sozialarbeitende"
"1265","Sozialleistungstragende"
"1266","Sparenden"
"1267","Spaßbremse"
"1268","Spielende"
"1269","Spielleitung"
"1270","Spielmoderation"
"1271","Spionagefilm"
"1272","Spionagethriller"
"1273","Repräsentanz"
"1274","Spitzenvertretung"
"1275","Sponsoringkreis"
"1276","Sponsoringbeteiligte"
"1277","Aktivmensch"
"1278","Sporttreibende"
"1279","Wettkämpfende"
"1280","Sprachlernende"
"1281","Spracherlernende"
"1282","Sprachrohr"
"1283","Sprechende"
"1284","Sprachbenutzende"
"1285","Staatsangehörigkeit"
"1286","Nationalität"
"1287","Vorsitz"
"1288","Stadtführung"
"1289","Verwaltungsleitung"
"1290","Steighilfe"
"1291","Raubleiter"
"1292","Baumleiter"
"1293","Dachlattentreppe"
"1294","Steinewerfende"
"1295","Arbeitsplätze"
"1296","Steuerberatung"
"1297","Steuerkanzlei"
"1298","Steuerberatungspraxis"
"1299","Steuerhinterziehende"
"1300","Stiftungsrat"
"1301","Stiftungsversammlung"
"1302","Stimme"
"1303","Ansage"
"1304","Stimmen"
"1305","Chor"
"1306","Choraktive"
"1307","Gesangsgruppe"
"1308","Singende"
"1309","Störende"
"1310","Strahlenschutzexpertenperson"
"1311","Straßenbefragung"
"1312","Streamende"
"1313","Strichfigürchen"
"1314","Strichmensch"
"1315","Strichmenschlein"
"1316","Strohleute"
"1317","Strohmensch"
"1318","Strohfigur"
"1319","Studentenmeisterschaft"
"1320","Übungsgruppenleitung"
"1321","Tutoriumsleitung"
"1322","Studi-Stadt"
"1323","Universitätsstadt"
"1324","Studierendenstadt"
"1325","Hochschulstadt"
"1326","Studi"
"1327","Studienabbrechende"
"1328","Studienbeginnende"
"1329","""Erstis"""
"1330","Erstsemestrige"
"1331","Studienbewerbungen"
"1332","Einschreibungen"
"1333","Studienkameradschaft"
"1334","Ersti"
"1335","Geförderte"
"1336","Studierende"
"1337","Studis"
"1338","Studierendenjob"
"1339","Studijob"
"1340","Job"
"1341","Studierendenwerk"
"1342","Studierendenwohnheim"
"1343","Studierte"
"1344","Nebenfigur"
"1345","Subunternehmen"
"1346","Südamerikameisterschaft"
"1347","Supervidierende"
"1348","Vorstand"
"1349","Systemadmin"
"1350","Systemadministration"
"1351","Systembetreuung"
"1352","Tageseltern"
"1353","Tagespflege(person)"
"1354","Tagesbetreuung"
"1355","Tanzende"
"1356","Tanzbegeisterte"
"1357","Tatbegehende"
"1358","Taufkind"
"1359","Taufpate"
"1360","Kollektiv"
"1361","Teamleitung"
"1362","Technikwissenschaften"
"1363","Technik"
"1364","Technologiefachkraft"
"1365","Teilnahmegebühr"
"1366","Kursgebühr"
"1367","Kosten"
"1368","Teilnahmeliste"
"1369","Anwesenheitsliste"
"1370","Teilnehmendenliste"
"1371","Teilnahmezahl"
"1372","Gruppengröße"
"1373","Anmeldezahl"
"1374","Anwesende"
"1375","Anmeldungen"
"1376","Telemitarbeitende"
"1377","Terrorisierende"
"1378","Testende"
"1379","Testpersonen"
"1380","Testleitung"
"1381","Testperson"
"1382","Versuchsperson"
"1383","Versuchspersonen"
"1384","Testphase"
"1385","Probebetrieb"
"1386","Therapierende"
"1387","Tier"
"1388","Tierschützende"
"1389","Schreibtisch"
"1390","Tourleitung"
"1391","Tragende"
"1392","Trägerschaft"
"1393","Trapezrahmenfahrrad"
"1394","Kundschaftsstamm"
"1395","Klientelstamm"
"1396","Trugschluss"
"1397","Irrtum"
"1398","Fehlschluss"
"1399","Illusion"
"1400","Turn-Taking"
"1401","Redeübernahme"
"1402","Turngeschwister"
"1403","Turnier"
"1404","Wettbewerb"
"1405","Übergangsleitung"
"1406","Göttlichkeit"
"1407","Überquerung"
"1408","Übersetzende"
"1409","Übungs(an)leitende"
"1410","Tutoriumsbegleitende"
"1411","Ratgebende"
"1412","Übungsleitung"
"1413","Umgebung"
"1414","Umlernende"
"1415","Umschulende"
"1416","Unerfahrene"
"1417","Neulinge"
"1418","Unrechtsperson"
"1419","Unrechtspersonen"
"1420","Unternehmensmarke"
"1421","Unterstützung"
"1422","Mitglied"
"1423","Kooperationen"
"1424","Unterstützungskraft"
"1425","Zustimmende"
"1426","Unterschrift"
"1427","Unterzeichnende"
"1428","Unterschriften"
"1429","Uradelsgeschlecht"
"1430","Urchristentum"
"1431","Urgroßelternteil"
"1432","Ururgroßelternteil"
"1433","V-Leute"
"1434","V-Person"
"1435","Vater"
"1436","Zivilstandsbeamtenschaft"
"1437","Beamtenperson"
"1438","Verbrauchspreis"
"1439","Verbrauchendenpreis"
"1440","Konsumpreis"
"1441","Preis"
"1442","Vereinvorstandsmitglied"
"1443","Vorstandsmitglied"
"1444","Verfolgende"
"1445","Verhandlungsgegenseite"
"1446","Verhandlungsgegenüber"
"1447","Verkehrsbeteiligte"
"1448","Vertragspartei"
"1449","Verschwisterung"
"1450","Versicherungskarte"
"1451","Gesundheitskarte"
"1452","Krankenkassenkarte"
"1453","Versicherungsnummer"
"1454","Versklavte"
"1455","Unfreie"
"1456","Leibeigene"
"1457","Versuchsleitung"
"1458","Versuchsvorhaben"
"1459","Versuchsprojekt"
"1460","Verteidigung"
"1461","Vertragsperson"
"1462","Vertragsparteien"
"1463","Gespiele"
"1464","Delegierte"
"1465","Abgesandte"
"1466","Beauftragte"
"1467","Vertretende"
"1468","Vertreter(innen)versammlung"
"1469","Vertriebsmitarbeitende"
"1470","Verursachende"
"1471","Verwaltungskraft"
"1472","Schreibkraft"
"1473","Bürokraft"
"1474","Verwaltungskräfte"
"1475","Sachbearbeitende"
"1476","Verwaltungsfachangestellte"
"1477","Assistenzen"
"1478","Schreibkräfte"
"1479","Bürokräfte"
"1480","Verwandschaftsbeziehung"
"1481","Verwendende"
"1482","Verwendungsfreundlichkeit"
"1483","Verwitwete"
"1484","Vizeeuropameisterschaft"
"1485","Vizevorsitz"
"1486","Vizepräsidentschaft"
"1487","Vize"
"1488","Vizeweltmeisterschaft"
"1489","Volksbeauftragte"
"1490","MdB"
"1491","Volkskrieg"
"1492","Volksnähe"
"1493","Bevölkerungsnähe"
"1494","Volksrat"
"1495","Menschenrat"
"1496","Bewohnendenrat"
"1497","Bevölkerungsrat"
"1498","Vollmachtspersonen"
"1499","Musterschulkind"
"1500","Musterkind"
"1501","Vorgesetzte"
"1502","Dienststellengenehmigung"
"1503","Vorjahresgewinnende"
"1504","Vorprojekt"
"1505","Vorsitzende"
"1506","Vorstudie"
"1507","Vortragsvereinbarung"
"1508","Honorarvereinbarung"
"1509","Wache"
"1510","Wachpersonal"
"1511","Waghals"
"1512","Abenteuermensch"
"1513","Wahlberechtigte"
"1514","Wahlvolk"
"1515","Wählendenverzeichnis"
"1516","Wahlhilfe"
"1517","Wahlleute"
"1518","Wahlstimme"
"1519","Waidleutsheil!"
"1520","Wassergeist"
"1521","Wegbegleitung"
"1522","Beistand"
"1523","Wegbegleitungen"
"1524","Weinbegeisterte"
"1525","Weltbürgertum"
"1526","Weltmarktführende"
"1527","Weltraumreisende"
"1528","Weltreisende"
"1529","Wendepunkt"
"1530","Paradigmenwechsel"
"1531","Werkstudi"
"1532","Werkstudierende"
"1533","Werkstudierendenstelle"
"1534","Widerpart"
"1535","Widerstandsleistende"
"1536","Wiederholende"
"1537","Wohlfahrtsstaat"
"1538","Wohnungsinhabende"
"1539","Wohnungsteilende"
"1540","Workshopleitung"
"1541","Sonderwünsche"
"1542","(markt-)wirtschaftlich"
"1543","Zauberkunstschaffende"
"1544","Zebrastreifen"
"1545","Straßenpassierstreifen"
"1546","Zeitarbeitnehmende"
"1547","Zeitungshandelnde"
"1548","Zeitwache"
"1549","Zimmereifachkraft"
"1550","Zivilperson"
"1551","Zivilpersonen"
"1552","Zoobesuche"
"1553","Kranke"
"1554","Erkrankte"
"1555","Behandelte"
"1556","Hilfesuchende"
"1557","Konfi"
"1558","Konfis"
"1559","Bedienzufriedenheit"
"1560","Zulieferfirma"
"1561","Zuschauraum"
"1562","Publikumsraum"
"1563","Zweierarbeit"
"1564","Paararbeit"
"1565","Tandemarbeit"
"1566","Zweifelnde"
